报告日,营业收入(亿),净利润(亿),DSRI,GMI,AQI,SGI,TATA,M_Score,现金/总资产,有息负债/总资产,净现金(亿),财务费用(亿),财务费用/营业收入,经营现金流/净利润,3年经营现金流/净利润,存货增速-收入增速,红旗
2012,138.152,15.828,0.95,0.981,0.745,1.221,0.073,-2.507,0.163,0.002,17.444,0.011,0.0,0.499,0.208,0.017,3-year operating cash flow covers only 21% of profit
2013,158.148,23.215,0.978,1.029,0.998,1.145,0.154,-1.721,0.162,0.001,20.663,0.079,0.0,0.147,0.134,-0.058,M-Score -1.72 above -2.22; 3-year operating cash flow covers only 13% of profit
2014,188.144,24.973,0.869,0.984,0.687,1.19,0.056,-2.764,0.124,0.056,11.015,0.152,0.001,0.635,0.425,-0.142,3-year operating cash flow covers only 42% of profit
2015,207.381,27.556,1.729,0.988,1.013,1.102,0.03,-2.124,0.137,0.048,17.265,0.131,0.001,0.791,0.542,0.027,M-Score -2.12 above -2.22
2016,224.107,29.309,0.885,1.022,0.774,1.081,-0.002,-3.193,0.134,0.073,14.912,0.897,0.004,1.018,0.825,0.149,
2017,243.146,31.325,1.124,0.958,1.028,1.085,0.071,-2.33,0.096,0.065,8.666,0.725,0.003,0.369,0.717,0.167,
2018,270.169,34.804,1.352,0.998,1.867,1.111,0.036,-1.866,0.124,0.0,67.107,0.381,0.001,0.445,0.596,0.162,M-Score -1.87 above -2.22
2019,296.647,41.731,1.001,1.094,1.032,1.098,0.042,-2.527,0.262,0.018,120.777,-0.628,-0.002,0.504,0.446,-0.033,3-year operating cash flow covers only 45% of profit
2020,327.428,55.11,1.58,1.029,0.873,1.104,0.03,-2.286,0.277,0.036,132.777,-2.319,-0.007,0.695,0.568,-0.168,
